Term,Frequency
ngga,7
packing,5
buat,5
barang,5
pixel,4
baut,4
bisaa,4
kayu,4
aja,4
proses,3
disuruh,3
cuma,3
kendala,3
masalah,3
datang,3
kondisi,3
baru,3
udah,3
jam,3
pertama,3
dipakai,3
display,3
kerusakan,2
msi,2
cepat,2
seller,2
sesuai,2
rusakbarang,2
monitor,2
kabel,2
langsung,2
ekspedisi,2
kalau,2
kurir,2
hz,2
komplain,2
kurang,2
ditest,2
diupdate,2
tebel,2
toko,2
pihak,2
membeli,2
banget,2
bekas,2
sedikit,2
beli,2
dites,1
pantes,1
pas,1
buka,1
pake,1
jadi,1
mau,1
layar,1
terus,1
sobek,1
kotordead,1
bleedingbarang,1
error,1
rusak,1
miss,1
lednya,1
firmware,1
pernah,1
plastik,1
tempat,1
major,1
bubble,1
warpnya,1
led,1
lembar,1
fisik,1
oke,1
warna,1
ubah,1
light,1
diadmin,1
aktif,1
balas,1
mystic,1
chatbukan,1
segel,1
dead,1
pengganti,1
cocok,1
converter,1
pakai,1
menghubungipackingnya,1
benar,1
menjaga,1
terima,1
topedbarang,1
dulu,1
nunggu,1
menghubungi,1
apa,1
josssebaiknya,1
tanyakan,1
kalian,1
port,1
vganya,1
pc,1
pixelnyamantap,1
rapi,1
lebih,1
barangnya,1
bagus,1
walaupun,1
unitoke,1
deadmiskomunikasi,1
alhasil,1
semoga,1
gini,1
dipesan,1
aman,1
packaging,1
jebol,1
diterima,1
dikomplain,1
barangsampe,1
cacat,1
malah,1
packingnya,1
kerusakanpengirimannya,1
stuck,1
store,1
custom,1
tombol,1
kiri,1
ctrl,1
kecewa,1
okerekomendasi,1
perusahaan,1
tertarik,1
penjualan,1
bukan,1
pelayanan,1
juta,1
spek,1
ramah,1
kekurangan,1
model,1
ininggabisaa,1
triple,1
prosesor,1
lamaternyata,1
psu,1
pembelian,1
rumah,1
pemesan,1
send,1
instan,1
rekomend,1
disini,1
pesen,1
pagi,1
sampe,1
malem,1
paket,1
orderan,1
malamsebulan,1
berlalu,1
alhamdulillah,1
sejauh,1
sangat,1
terbantu,1
adanya,1
seridead,1
ketemu,1
ilang,1
teknisi,1
mencari,1
usb,1
wifi,1
receiver,1
game,1
mulusmantaap,1
keren,1
parahpakai,1
lama,1
jtr,1
amanngga,1
mantap,1
monitornya,1
refresh,1
rate,1
mengalami,1
kendalastuck,1
dpt,1
solusi,1
menyerah,1
dota,1
main,1
nambah,1
dijanjikan,1
ganti,1
unit,1
beranggaat,1
bintang,1
lah,1
berbicaraspeaker,1
builtin,1
speaker,1
spiking,1
external,1
mentok,1
deskripsi,1
entah,1
dioverclock,1
terlebih,1
bagaimanastar,1
lagibg,1
component,1
